<?xml version="1.0" encoding="UTF-8"?>
<books>
    <Book id="1001">
        <Name>Java 2 - Complete Reference</Name>
        <Author>Herbert Schilds</Author>
        <Year>2004</Year>
    </Book>
    <Book id="1002">
        <Name>System Software</Name>
        <Author>Leland L Beck</Author>
        <Year>2000</Year>
    </Book>
    <Book id="1003">
        <Name>Cpp</Name>
        <Author>E Balaguruswami</Author>
        <Year>2001</Year>
    </Book>
    <Book id="1004">
        <Name>Objective C</Name>
        <Author>Stephan Konchan</Author>
        <Year>2007</Year>
    </Book>
    <Book id="1004">
        <Name>Objective C ++ </Name>
        <Author>Stephan Konchan</Author>
        <Year>2007</Year>
    </Book>
</books>